<?xml version="1.0" encoding="UTF-8"?>
<classpath>
	<classpathentry kind="src" output="target/classes" path="src/main/java">
		<attributes>
			<attribute name="optional" value="true"/>
			<attribute name="maven.pomderived" value="true"/>
		</attributes>
	</classpathentry>
	<classpathentry excluding="**" kind="src" output="target/classes" path="src/main/resources">
		<attributes>
			<attribute name="maven.pomderived" value="true"/>
		</attributes>
	</classpathentry>
	<classpathentry kind="src" output="target/test-classes" path="src/test/java">
		<attributes>
			<attribute name="optional" value="true"/>
			<attribute name="maven.pomderived" value="true"/>
		</attributes>
	</classpathentry>
	<classpathentry excluding="**" kind="src" output="target/test-classes" path="src/test/resources">
		<attributes>
			<attribute name="maven.pomderived" value="true"/>
		</attributes>
	</classpathentry>
	<classpathentry kind="con" path="org.eclipse.jdt.launching.JRE_CONTAINER/org.eclipse.jdt.internal.debug.ui.launcher.StandardVMType/J2SE-1.5">
		<attributes>
			<attribute name="maven.pomderived" value="true"/>
		</attributes>
	</classpathentry>
	<classpathentry kind="con" path="org.eclipse.m2e.MAVEN2_CLASSPATH_CONTAINER">
		<attributes>
			<attribute name="maven.pomderived" value="true"/>
		</attributes>
	</classpathentry>
	<classpathentry kind="lib" path="D:/tej/activation-1.1.1.jar"/>
	<classpathentry kind="lib" path="D:/tej/byte-buddy-1.8.15.jar"/>
	<classpathentry kind="lib" path="D:/tej/cglib-nodep-2.1_3.jar"/>
	<classpathentry kind="lib" path="D:/tej/client-combined-3.141.59.jar"/>
	<classpathentry kind="lib" path="D:/tej/client-combined-3.141.59-sources.jar"/>
	<classpathentry kind="lib" path="D:/tej/commons-codec-1.9.jar"/>
	<classpathentry kind="lib" path="D:/tej/commons-codec-1.10.jar"/>
	<classpathentry kind="lib" path="D:/tej/commons-codec-1.13.jar"/>
	<classpathentry kind="lib" path="D:/tej/commons-collections-3.2.2.jar"/>
	<classpathentry kind="lib" path="D:/tej/commons-collections4-4.4.jar"/>
	<classpathentry kind="lib" path="D:/tej/commons-compress-1.19.jar"/>
	<classpathentry kind="lib" path="D:/tej/commons-exec-1.3.jar"/>
	<classpathentry kind="lib" path="D:/tej/commons-io-2.4.jar"/>
	<classpathentry kind="lib" path="D:/tej/commons-io-2.6.jar"/>
	<classpathentry kind="lib" path="D:/tej/commons-io-2.6-javadoc.jar"/>
	<classpathentry kind="lib" path="D:/tej/commons-io-2.6-sources.jar"/>
	<classpathentry kind="lib" path="D:/tej/commons-io-2.6-tests.jar"/>
	<classpathentry kind="lib" path="D:/tej/commons-io-2.6-test-sources.jar"/>
	<classpathentry kind="lib" path="D:/tej/commons-lang3-3.4.jar"/>
	<classpathentry kind="lib" path="D:/tej/commons-logging-1.2.jar"/>
	<classpathentry kind="lib" path="D:/tej/commons-math3-3.6.1.jar"/>
	<classpathentry kind="lib" path="D:/tej/cssparser-0.9.16.jar"/>
	<classpathentry kind="lib" path="D:/tej/cucumber-core-5.4.0.jar"/>
	<classpathentry kind="lib" path="D:/tej/cucumber-expressions-8.3.1.jar"/>
	<classpathentry kind="lib" path="D:/tej/cucumber-html-0.2.7.jar"/>
	<classpathentry kind="lib" path="D:/tej/cucumber-java-5.4.0.jar"/>
	<classpathentry kind="lib" path="D:/tej/cucumber-junit-1.1.2.jar"/>
	<classpathentry kind="lib" path="D:/tej/cucumber-junit-5.4.0.jar"/>
	<classpathentry kind="lib" path="D:/tej/cucumber-jvm-deps-1.0.6.jar"/>
	<classpathentry kind="lib" path="D:/tej/curvesapi-1.06.jar"/>
	<classpathentry kind="lib" path="D:/tej/gson-2.3.1.jar"/>
	<classpathentry kind="lib" path="D:/tej/guava-18.0.jar"/>
	<classpathentry kind="lib" path="D:/tej/guava-19.0.jar"/>
	<classpathentry kind="lib" path="D:/tej/guava-25.0-jre.jar"/>
	<classpathentry kind="lib" path="D:/tej/htmlunit-2.18.jar"/>
	<classpathentry kind="lib" path="D:/tej/htmlunit-core-js-2.17.jar"/>
	<classpathentry kind="lib" path="D:/tej/httpclient-4.4.1.jar"/>
	<classpathentry kind="lib" path="D:/tej/httpclient-4.5.1.jar"/>
	<classpathentry kind="lib" path="D:/tej/httpcore-4.4.1.jar"/>
	<classpathentry kind="lib" path="D:/tej/httpcore-4.4.3.jar"/>
	<classpathentry kind="lib" path="D:/tej/httpmime-4.5.jar"/>
	<classpathentry kind="lib" path="D:/tej/jaxb-api-2.3.1.jar"/>
	<classpathentry kind="lib" path="D:/tej/jaxb-core-2.3.0.1.jar"/>
	<classpathentry kind="lib" path="D:/tej/jaxb-impl-2.3.2.jar"/>
	<classpathentry kind="lib" path="D:/tej/jetty-io-9.2.12.v20150709.jar"/>
	<classpathentry kind="lib" path="D:/tej/jetty-util-9.2.12.v20150709.jar"/>
	<classpathentry kind="lib" path="D:/tej/jna-4.1.0.jar"/>
	<classpathentry kind="lib" path="D:/tej/jna-platform-4.1.0.jar"/>
	<classpathentry kind="lib" path="D:/tej/junit-4.11.jar"/>
	<classpathentry kind="lib" path="D:/tej/junit-4.12.jar"/>
	<classpathentry kind="lib" path="D:/tej/log4j-1.2.17.jar"/>
	<classpathentry kind="lib" path="D:/tej/nekohtml-1.9.22.jar"/>
	<classpathentry kind="lib" path="D:/tej/okhttp-3.11.0.jar"/>
	<classpathentry kind="lib" path="D:/tej/okio-1.14.0.jar"/>
	<classpathentry kind="lib" path="D:/tej/poi-4.1.2.jar"/>
	<classpathentry kind="lib" path="D:/tej/poi-examples-4.1.2.jar"/>
	<classpathentry kind="lib" path="D:/tej/poi-excelant-4.1.2.jar"/>
	<classpathentry kind="lib" path="D:/tej/poi-ooxml-4.1.2.jar"/>
	<classpathentry kind="lib" path="D:/tej/poi-ooxml-schemas-4.1.2.jar"/>
	<classpathentry kind="lib" path="D:/tej/poi-scratchpad-4.1.2.jar"/>
	<classpathentry kind="lib" path="D:/tej/sac-1.3.jar"/>
	<classpathentry kind="lib" path="D:/tej/selenium-api-2.47.1.jar"/>
	<classpathentry kind="lib" path="D:/tej/selenium-api-2.52.0.jar"/>
	<classpathentry kind="lib" path="D:/tej/selenium-chrome-driver-2.47.1.jar"/>
	<classpathentry kind="lib" path="D:/tej/selenium-htmlunit-driver-2.52.0.jar"/>
	<classpathentry kind="lib" path="D:/tej/selenium-remote-driver-2.47.1.jar"/>
	<classpathentry kind="lib" path="D:/tej/selenium-remote-driver-2.52.0.jar"/>
	<classpathentry kind="lib" path="D:/tej/selenium-server-standalone-3.141.59.jar"/>
	<classpathentry kind="lib" path="D:/tej/selenium-support-2.52.0.jar"/>
	<classpathentry kind="lib" path="D:/tej/serializer-2.7.2.jar"/>
	<classpathentry kind="lib" path="D:/tej/SparseBitSet-1.2.jar"/>
	<classpathentry kind="lib" path="D:/tej/websocket-api-9.2.12.v20150709.jar"/>
	<classpathentry kind="lib" path="D:/tej/websocket-client-9.2.12.v20150709.jar"/>
	<classpathentry kind="lib" path="D:/tej/websocket-common-9.2.12.v20150709.jar"/>
	<classpathentry kind="lib" path="D:/tej/xalan-2.7.2.jar"/>
	<classpathentry kind="lib" path="D:/tej/xercesImpl-2.11.0.jar"/>
	<classpathentry kind="lib" path="D:/tej/xml-apis-1.4.01.jar"/>
	<classpathentry kind="lib" path="D:/tej/xmlbeans-3.1.0.jar"/>
	<classpathentry kind="con" path="org.testng.TESTNG_CONTAINER"/>
	<classpathentry kind="output" path="target/classes"/>
</classpath>
